filename,width,height,class,xmin,ymin,xmax,ymax
20181113_221957.jpg,4160,3120,Circle,1151,2452,1325,2623
20181113_221957.jpg,4160,3120,Circle,1147,2264,1321,2435
20181113_221957.jpg,4160,3120,Circle,1152,2080,1326,2251
20181113_221957.jpg,4160,3120,Circle,1149,1888,1323,2059
20181113_221957.jpg,4160,3120,Circle,1148,1696,1322,1867
20181113_221957.jpg,4160,3120,Circle,1399,1700,1573,1871
20181113_221957.jpg,4160,3120,Circle,1401,1881,1575,2052
20181113_221957.jpg,4160,3120,Circle,1403,2066,1577,2237
20181113_221957.jpg,4160,3120,Circle,1401,2257,1575,2428
20181113_221957.jpg,4160,3120,Circle,1392,2431,1566,2602
20181113_221957.jpg,4160,3120,Circle,1636,2411,1810,2582
20181113_221957.jpg,4160,3120,Circle,1641,2236,1815,2407
20181113_221957.jpg,4160,3120,Circle,1643,2053,1817,2224
20181113_221957.jpg,4160,3120,Circle,1644,1870,1818,2041
20181113_221957.jpg,4160,3120,Circle,1652,1685,1826,1856
20181113_221957.jpg,4160,3120,Circle,1868,1683,2042,1854
20181113_221957.jpg,4160,3120,Circle,1873,1851,2047,2022
20181113_221957.jpg,4160,3120,Circle,1868,2035,2042,2206
20181113_221957.jpg,4160,3120,Circle,1866,2033,2040,2204
20181113_221957.jpg,4160,3120,Circle,1872,2214,2025,2374
20181113_221957.jpg,4160,3120,Circle,1867,2386,2020,2546
20181113_221957.jpg,4160,3120,Circle,2089,2368,2242,2528
20181113_221957.jpg,4160,3120,Circle,2091,2199,2244,2359
20181113_221957.jpg,4160,3120,Circle,2100,2023,2253,2183
20181113_221957.jpg,4160,3120,Circle,2102,1852,2255,2012
20181113_221957.jpg,4160,3120,Circle,2106,1683,2259,1843
20181113_221957.jpg,4160,3120,Circle,2339,1687,2492,1847
20181113_221957.jpg,4160,3120,Circle,2331,1859,2484,2019
20181113_221957.jpg,4160,3120,Circle,2328,2029,2481,2189
20181113_221957.jpg,4160,3120,Circle,2319,2199,2472,2359
20181113_221957.jpg,4160,3120,Circle,2310,2366,2463,2517
20181113_221957.jpg,4160,3120,Circle,2538,2368,2691,2519
20181113_221957.jpg,4160,3120,Circle,2546,2201,2699,2352
20181113_221957.jpg,4160,3120,Circle,2556,2041,2709,2192
20181113_221957.jpg,4160,3120,Circle,2565,1869,2718,2020
20181113_221957.jpg,4160,3120,Circle,2572,1701,2725,1852
20181113_221957.jpg,4160,3120,Circle,2805,1704,2958,1855
20181113_221957.jpg,4160,3120,Circle,2794,1874,2947,2025
20181113_221957.jpg,4160,3120,Circle,2785,2041,2938,2192
20181113_221957.jpg,4160,3120,Circle,2770,2204,2923,2355
20181113_221957.jpg,4160,3120,Circle,2762,2365,2915,2516
20181113_221957.jpg,4160,3120,Circle,2981,2370,3134,2521
20181113_221957.jpg,4160,3120,Circle,2998,2205,3151,2356
20181113_221957.jpg,4160,3120,Circle,3013,2046,3166,2197
20181113_221957.jpg,4160,3120,Circle,3023,1873,3176,2024
20181113_221957.jpg,4160,3120,Circle,3036,1705,3189,1856
20181113_221957.jpg,4160,3120,Circle,3264,1708,3417,1859
20181113_221957.jpg,4160,3120,Circle,3251,1875,3404,2026
20181113_221957.jpg,4160,3120,Circle,3237,2045,3390,2196
20181113_221957.jpg,4160,3120,Circle,3216,2206,3369,2357
20181113_221957.jpg,4160,3120,Circle,3204,2369,3357,2520
20181113_221957.jpg,4160,3120,Circle,3455,1654,3608,1805
20181113_221957.jpg,4160,3120,Circle,3485,1400,3638,1551
20181113_221957.jpg,4160,3120,Circle,3513,1131,3666,1294
20181113_221957.jpg,4160,3120,Circle,3540,858,3693,1021
20181113_221957.jpg,4160,3120,Circle,3311,1146,3464,1309
20181113_221957.jpg,4160,3120,Circle,3333,965,3486,1128
20181113_221957.jpg,4160,3120,Circle,3355,780,3508,943
20181113_221957.jpg,4160,3120,Circle,3369,583,3524,754
20181113_221957.jpg,4160,3120,Circle,3388,391,3543,562
20181113_221957.jpg,4160,3120,Circle,3145,378,3308,558
20181113_221957.jpg,4160,3120,Circle,3127,569,3290,749
20181113_221957.jpg,4160,3120,Circle,3115,760,3278,940
20181113_221957.jpg,4160,3120,Circle,3094,954,3257,1134
20181113_221957.jpg,4160,3120,Circle,3074,1138,3237,1318
20181113_221957.jpg,4160,3120,Circle,2845,1132,3008,1312
20181113_221957.jpg,4160,3120,Circle,2857,946,3020,1126
20181113_221957.jpg,4160,3120,Circle,2876,767,3036,937
20181113_221957.jpg,4160,3120,Circle,2885,564,3047,740
20181113_221957.jpg,4160,3120,Circle,2899,373,3061,549
20181113_221957.jpg,4160,3120,Circle,2645,370,2818,544
20181113_221957.jpg,4160,3120,Circle,2632,562,2805,736
20181113_221957.jpg,4160,3120,Circle,2625,755,2798,929
20181113_221957.jpg,4160,3120,Circle,2608,945,2781,1119
20181113_221957.jpg,4160,3120,Circle,2597,1129,2770,1303
20181113_221957.jpg,4160,3120,Circle,2355,1121,2528,1295
20181113_221957.jpg,4160,3120,Circle,2358,936,2531,1110
20181113_221957.jpg,4160,3120,Circle,2374,753,2547,927
20181113_221957.jpg,4160,3120,Circle,2378,559,2551,733
20181113_221957.jpg,4160,3120,Circle,2389,363,2562,537
20181113_221957.jpg,4160,3120,Circle,2143,363,2316,537
20181113_221957.jpg,4160,3120,Circle,2134,552,2307,726
20181113_221957.jpg,4160,3120,Circle,2131,744,2304,918
20181113_221957.jpg,4160,3120,Circle,2121,927,2294,1101
20181113_221957.jpg,4160,3120,Circle,2117,1109,2290,1283
20181113_221957.jpg,4160,3120,Circle,1880,1104,2053,1278
20181113_221957.jpg,4160,3120,Circle,1883,925,2056,1099
20181113_221957.jpg,4160,3120,Circle,1887,739,2060,913
20181113_221957.jpg,4160,3120,Circle,1899,545,2072,719
20181113_221957.jpg,4160,3120,Circle,1892,357,2065,531
20181113_221957.jpg,4160,3120,Circle,1656,328,1829,502
20181113_221957.jpg,4160,3120,Circle,1654,523,1827,697
20181113_221957.jpg,4160,3120,Circle,1652,716,1825,890
20181113_221957.jpg,4160,3120,Circle,1650,908,1823,1082
20181113_221957.jpg,4160,3120,Circle,1652,1100,1825,1274
20181113_221957.jpg,4160,3120,Circle,1404,1097,1577,1271
20181113_221957.jpg,4160,3120,Circle,1402,901,1575,1075
20181113_221957.jpg,4160,3120,Circle,1408,710,1581,884
20181113_221957.jpg,4160,3120,Circle,1402,512,1575,686
20181113_221957.jpg,4160,3120,Circle,1403,317,1576,491
20181113_221957.jpg,4160,3120,Circle,1143,308,1316,482
20181113_221957.jpg,4160,3120,Circle,1143,503,1316,677
20181113_221957.jpg,4160,3120,Circle,1148,701,1321,875
20181113_221957.jpg,4160,3120,Circle,1145,900,1318,1074
20181113_221957.jpg,4160,3120,Circle,1149,1094,1322,1268
20181113_221957.jpg,4160,3120,Square,180,2886,304,3035
20181113_221957.jpg,4160,3120,Square,2093,2767,2217,2916
20181113_221957.jpg,4160,3120,Square,3526,2770,3651,2898
20181113_221957.jpg,4160,3120,Square,3777,156,3918,309
20181113_221957.jpg,4160,3120,Square,2169,110,2309,260
20181113_221957.jpg,4160,3120,Square,170,79,298,227
20181113_221946.jpg,4160,3120,Circle,1284,2420,1445,2580
20181113_221946.jpg,4160,3120,Circle,1285,2245,1446,2405
20181113_221946.jpg,4160,3120,Circle,1285,2065,1446,2225
20181113_221946.jpg,4160,3120,Circle,1283,1885,1444,2045
20181113_221946.jpg,4160,3120,Circle,1286,1703,1447,1863
20181113_221946.jpg,4160,3120,Circle,1284,1128,1448,1294
20181113_221946.jpg,4160,3120,Circle,1285,945,1449,1111
20181113_221946.jpg,4160,3120,Circle,1287,759,1451,925
20181113_221946.jpg,4160,3120,Circle,1283,570,1447,736
20181113_221946.jpg,4160,3120,Circle,1284,381,1448,547
20181113_221946.jpg,4160,3120,Circle,1529,388,1693,554
20181113_221946.jpg,4160,3120,Circle,1525,574,1689,740
20181113_221946.jpg,4160,3120,Circle,1527,763,1691,929
20181113_221946.jpg,4160,3120,Circle,1526,946,1690,1112
20181113_221946.jpg,4160,3120,Circle,1526,1133,1690,1299
20181113_221946.jpg,4160,3120,Circle,1524,1705,1685,1865
20181113_221946.jpg,4160,3120,Circle,1524,1885,1685,2045
20181113_221946.jpg,4160,3120,Circle,1525,2063,1686,2223
20181113_221946.jpg,4160,3120,Circle,1521,2243,1682,2403
20181113_221946.jpg,4160,3120,Circle,1521,2418,1682,2578
20181113_221946.jpg,4160,3120,Circle,1752,2408,1913,2568
20181113_221946.jpg,4160,3120,Circle,1755,2234,1916,2394
20181113_221946.jpg,4160,3120,Circle,1761,2061,1922,2221
20181113_221946.jpg,4160,3120,Circle,1758,1883,1919,2043
20181113_221946.jpg,4160,3120,Circle,1760,1707,1921,1867
20181113_221946.jpg,4160,3120,Circle,1983,1699,2144,1859
20181113_221946.jpg,4160,3120,Circle,1983,1870,2144,2030
20181113_221946.jpg,4160,3120,Circle,1981,2046,2142,2206
20181113_221946.jpg,4160,3120,Circle,1976,2216,2137,2376
20181113_221946.jpg,4160,3120,Circle,1970,2383,2131,2543
20181113_221946.jpg,4160,3120,Circle,2194,2372,2347,2524
20181113_221946.jpg,4160,3120,Circle,2418,2377,2568,2524
20181113_221946.jpg,4160,3120,Circle,2198,2206,2351,2358
20181113_221946.jpg,4160,3120,Circle,2202,2040,2355,2192
20181113_221946.jpg,4160,3120,Circle,2205,1872,2358,2024
20181113_221946.jpg,4160,3120,Circle,2209,1700,2362,1852
20181113_221946.jpg,4160,3120,Circle,2438,1708,2591,1860
20181113_221946.jpg,4160,3120,Circle,2433,1874,2586,2026
20181113_221946.jpg,4160,3120,Circle,2427,2046,2580,2198
20181113_221946.jpg,4160,3120,Circle,2424,2211,2577,2363
20181113_221946.jpg,4160,3120,Circle,2638,2372,2788,2519
20181113_221946.jpg,4160,3120,Circle,2648,2212,2798,2359
20181113_221946.jpg,4160,3120,Circle,2657,2047,2807,2194
20181113_221946.jpg,4160,3120,Circle,2658,1879,2808,2026
20181113_221946.jpg,4160,3120,Circle,2664,1713,2814,1860
20181113_221946.jpg,4160,3120,Circle,2893,1713,3043,1860
20181113_221946.jpg,4160,3120,Circle,2884,1881,3034,2028
20181113_221946.jpg,4160,3120,Circle,2877,2045,3027,2192
20181113_221946.jpg,4160,3120,Circle,2864,2210,3014,2357
20181113_221946.jpg,4160,3120,Circle,2855,2369,3005,2516
20181113_221946.jpg,4160,3120,Circle,3070,2367,3220,2514
20181113_221946.jpg,4160,3120,Circle,3079,2207,3229,2354
20181113_221946.jpg,4160,3120,Circle,3094,2042,3244,2189
20181113_221946.jpg,4160,3120,Circle,3103,1878,3253,2025
20181113_221946.jpg,4160,3120,Circle,3111,1714,3261,1861
20181113_221946.jpg,4160,3120,Circle,3327,1711,3477,1858
20181113_221946.jpg,4160,3120,Circle,3317,1877,3467,2024
20181113_221946.jpg,4160,3120,Circle,3308,2044,3458,2191
20181113_221946.jpg,4160,3120,Circle,3292,2201,3442,2348
20181113_221946.jpg,4160,3120,Circle,3284,2362,3434,2509
20181113_221946.jpg,4160,3120,Circle,3517,1658,3667,1805
20181113_221946.jpg,4160,3120,Circle,3539,1411,3689,1558
20181113_221946.jpg,4160,3120,Circle,3556,1155,3712,1308
20181113_221946.jpg,4160,3120,Circle,3578,890,3734,1043
20181113_221946.jpg,4160,3120,Circle,3365,1170,3521,1323
20181113_221946.jpg,4160,3120,Circle,3379,993,3536,1149
20181113_221946.jpg,4160,3120,Circle,3394,811,3556,971
20181113_221946.jpg,4160,3120,Circle,3405,631,3567,791
20181113_221946.jpg,4160,3120,Circle,3422,448,3584,608
20181113_221946.jpg,4160,3120,Circle,3190,441,3352,601
20181113_221946.jpg,4160,3120,Circle,3182,625,3344,785
20181113_221946.jpg,4160,3120,Circle,3171,809,3333,969
20181113_221946.jpg,4160,3120,Circle,3155,985,3317,1145
20181113_221946.jpg,4160,3120,Circle,3146,1165,3308,1325
20181113_221946.jpg,4160,3120,Circle,2917,1165,3079,1325
20181113_221946.jpg,4160,3120,Circle,2927,985,3089,1145
20181113_221946.jpg,4160,3120,Circle,2939,803,3101,963
20181113_221946.jpg,4160,3120,Circle,2946,619,3108,779
20181113_221946.jpg,4160,3120,Circle,2958,432,3120,592
20181113_221946.jpg,4160,3120,Circle,2714,431,2876,591
20181113_221946.jpg,4160,3120,Circle,2708,616,2870,776
20181113_221946.jpg,4160,3120,Circle,2703,797,2865,957
20181113_221946.jpg,4160,3120,Circle,2691,981,2853,1141
20181113_221946.jpg,4160,3120,Circle,2687,1159,2849,1319
20181113_221946.jpg,4160,3120,Circle,2450,1154,2612,1314
20181113_221946.jpg,4160,3120,Circle,2455,977,2617,1137
20181113_221946.jpg,4160,3120,Circle,2465,797,2627,957
20181113_221946.jpg,4160,3120,Circle,2468,611,2630,771
20181113_221946.jpg,4160,3120,Circle,2474,429,2636,589
20181113_221946.jpg,4160,3120,Circle,2238,433,2400,593
20181113_221946.jpg,4160,3120,Circle,2232,614,2394,774
20181113_221946.jpg,4160,3120,Circle,2230,794,2392,954
20181113_221946.jpg,4160,3120,Circle,2225,973,2387,1133
20181113_221946.jpg,4160,3120,Circle,2219,1149,2381,1309
20181113_221946.jpg,4160,3120,Circle,1995,1145,2157,1305
20181113_221946.jpg,4160,3120,Circle,1770,1143,1932,1303
20181113_221946.jpg,4160,3120,Circle,1772,959,1934,1119
20181113_221946.jpg,4160,3120,Circle,2002,967,2164,1127
20181113_221946.jpg,4160,3120,Circle,2007,784,2169,944
20181113_221946.jpg,4160,3120,Circle,1772,775,1934,935
20181113_221946.jpg,4160,3120,Circle,1771,583,1935,749
20181113_221946.jpg,4160,3120,Circle,2002,596,2166,762
20181113_221946.jpg,4160,3120,Circle,2006,415,2170,581
20181113_221946.jpg,4160,3120,Circle,1772,395,1936,561
20181113_221946.jpg,4160,3120,Square,417,2779,534,2922
20181113_221946.jpg,4160,3120,Square,2206,2773,2326,2913
20181113_221946.jpg,4160,3120,Square,3609,2748,3729,2888
20181113_221946.jpg,4160,3120,Square,3809,216,3944,362
20181113_221946.jpg,4160,3120,Square,2263,191,2392,334
20181113_221946.jpg,4160,3120,Square,396,174,510,319
20181113_224625.jpg,4160,3120,Circle,1291,2351,1451,2510
20181113_224625.jpg,4160,3120,Circle,1289,2185,1449,2344
20181113_224625.jpg,4160,3120,Circle,1287,2006,1447,2165
20181113_224625.jpg,4160,3120,Circle,1291,1835,1451,1994
20181113_224625.jpg,4160,3120,Circle,1292,1663,1452,1822
20181113_224625.jpg,4160,3120,Circle,1513,1667,1673,1826
20181113_224625.jpg,4160,3120,Circle,1511,1829,1671,1988
20181113_224625.jpg,4160,3120,Circle,1515,2004,1675,2163
20181113_224625.jpg,4160,3120,Circle,1510,2176,1670,2335
20181113_224625.jpg,4160,3120,Circle,1518,2346,1678,2505
20181113_224625.jpg,4160,3120,Circle,1740,2347,1900,2506
20181113_224625.jpg,4160,3120,Circle,1741,2173,1901,2332
20181113_224625.jpg,4160,3120,Circle,1736,2004,1896,2163
20181113_224625.jpg,4160,3120,Circle,1731,1831,1891,1990
20181113_224625.jpg,4160,3120,Circle,1732,1662,1892,1821
20181113_224625.jpg,4160,3120,Circle,1956,1653,2116,1812
20181113_224625.jpg,4160,3120,Circle,1963,1828,2123,1987
20181113_224625.jpg,4160,3120,Circle,1959,1998,2119,2157
20181113_224625.jpg,4160,3120,Circle,1959,2168,2119,2327
20181113_224625.jpg,4160,3120,Circle,1964,2343,2124,2502
20181113_224625.jpg,4160,3120,Circle,2187,2343,2347,2502
20181113_224625.jpg,4160,3120,Circle,2185,2174,2345,2333
20181113_224625.jpg,4160,3120,Circle,2180,2001,2340,2160
20181113_224625.jpg,4160,3120,Circle,2185,1824,2345,1983
20181113_224625.jpg,4160,3120,Circle,2178,1663,2338,1822
20181113_224625.jpg,4160,3120,Circle,2405,1658,2565,1817
20181113_224625.jpg,4160,3120,Circle,2405,1827,2565,1986
20181113_224625.jpg,4160,3120,Circle,2410,1998,2570,2157
20181113_224625.jpg,4160,3120,Circle,2414,2170,2574,2329
20181113_224625.jpg,4160,3120,Circle,2418,2345,2578,2504
20181113_224625.jpg,4160,3120,Circle,2644,2344,2804,2503
20181113_224625.jpg,4160,3120,Circle,2642,2173,2802,2332
20181113_224625.jpg,4160,3120,Circle,2637,1999,2797,2158
20181113_224625.jpg,4160,3120,Circle,2638,1825,2798,1984
20181113_224625.jpg,4160,3120,Circle,2630,1651,2790,1810
20181113_224625.jpg,4160,3120,Circle,2860,1651,3020,1810
20181113_224625.jpg,4160,3120,Circle,2865,1821,3025,1980
20181113_224625.jpg,4160,3120,Circle,2871,1993,3031,2152
20181113_224625.jpg,4160,3120,Circle,2874,2171,3034,2330
20181113_224625.jpg,4160,3120,Circle,2881,2351,3041,2510
20181113_224625.jpg,4160,3120,Circle,3109,2347,3269,2506
20181113_224625.jpg,4160,3120,Circle,3103,2170,3263,2329
20181113_224625.jpg,4160,3120,Circle,3094,1996,3254,2155
20181113_224625.jpg,4160,3120,Circle,3093,1822,3253,1981
20181113_224625.jpg,4160,3120,Circle,3083,1653,3243,1812
20181113_224625.jpg,4160,3120,Circle,3309,1648,3469,1807
20181113_224625.jpg,4160,3120,Circle,3317,1821,3477,1980
20181113_224625.jpg,4160,3120,Circle,3324,1994,3484,2153
20181113_224625.jpg,4160,3120,Circle,3327,2171,3487,2330
20181113_224625.jpg,4160,3120,Circle,3335,2346,3495,2505
20181113_224625.jpg,4160,3120,Circle,3502,1589,3662,1748
20181113_224625.jpg,4160,3120,Circle,3491,1348,3651,1507
20181113_224625.jpg,4160,3120,Circle,3483,1096,3643,1255
20181113_224625.jpg,4160,3120,Circle,3476,839,3636,998
20181113_224625.jpg,4160,3120,Circle,3297,1112,3457,1271
20181113_224625.jpg,4160,3120,Circle,3289,941,3449,1100
20181113_224625.jpg,4160,3120,Circle,3289,775,3449,934
20181113_224625.jpg,4160,3120,Circle,3282,610,3442,769
20181113_224625.jpg,4160,3120,Circle,3283,448,3443,607
20181113_224625.jpg,4160,3120,Circle,3065,449,3214,595
20181113_224625.jpg,4160,3120,Circle,3067,614,3216,760
20181113_224625.jpg,4160,3120,Circle,3073,784,3222,930
20181113_224625.jpg,4160,3120,Circle,3073,954,3222,1100
20181113_224625.jpg,4160,3120,Circle,3081,1124,3230,1270
20181113_224625.jpg,4160,3120,Circle,2848,1122,3006,1276
20181113_224625.jpg,4160,3120,Circle,2850,952,3008,1106
20181113_224625.jpg,4160,3120,Circle,2849,784,3007,938
20181113_224625.jpg,4160,3120,Circle,2841,615,2999,769
20181113_224625.jpg,4160,3120,Circle,2839,451,2997,605
20181113_224625.jpg,4160,3120,Circle,2619,449,2777,603
20181113_224625.jpg,4160,3120,Circle,2615,615,2773,769
20181113_224625.jpg,4160,3120,Circle,2620,778,2778,932
20181113_224625.jpg,4160,3120,Circle,2624,950,2782,1104
20181113_224625.jpg,4160,3120,Circle,2624,1127,2782,1281
20181113_224625.jpg,4160,3120,Circle,2397,1125,2555,1279
20181113_224625.jpg,4160,3120,Circle,2395,956,2553,1110
20181113_224625.jpg,4160,3120,Circle,2398,790,2556,944
20181113_224625.jpg,4160,3120,Circle,2393,624,2551,778
20181113_224625.jpg,4160,3120,Circle,2386,458,2544,612
20181113_224625.jpg,4160,3120,Circle,2166,464,2324,618
20181113_224625.jpg,4160,3120,Circle,2169,633,2327,787
20181113_224625.jpg,4160,3120,Circle,2174,799,2332,953
20181113_224625.jpg,4160,3120,Circle,2172,964,2330,1118
20181113_224625.jpg,4160,3120,Circle,2170,1129,2328,1283
20181113_224625.jpg,4160,3120,Circle,1956,1134,2114,1288
20181113_224625.jpg,4160,3120,Circle,1948,966,2106,1120
20181113_224625.jpg,4160,3120,Circle,1951,805,2109,959
20181113_224625.jpg,4160,3120,Circle,1947,638,2105,792
20181113_224625.jpg,4160,3120,Circle,1945,469,2103,623
20181113_224625.jpg,4160,3120,Circle,1727,465,1885,619
20181113_224625.jpg,4160,3120,Circle,1723,624,1881,778
20181113_224625.jpg,4160,3120,Circle,1729,796,1887,950
20181113_224625.jpg,4160,3120,Circle,1730,968,1888,1122
20181113_224625.jpg,4160,3120,Circle,1731,1134,1889,1288
20181113_224625.jpg,4160,3120,Circle,1511,1131,1669,1285
20181113_224625.jpg,4160,3120,Circle,1508,968,1666,1122
20181113_224625.jpg,4160,3120,Circle,1510,794,1668,948
20181113_224625.jpg,4160,3120,Circle,1505,635,1663,789
20181113_224625.jpg,4160,3120,Circle,1505,460,1663,614
20181113_224625.jpg,4160,3120,Circle,1280,458,1438,612
20181113_224625.jpg,4160,3120,Circle,1284,631,1442,785
20181113_224625.jpg,4160,3120,Circle,1289,797,1447,951
20181113_224625.jpg,4160,3120,Circle,1291,970,1449,1124
20181113_224625.jpg,4160,3120,Circle,1289,1133,1447,1287
20181113_224625.jpg,4160,3120,Square,344,2808,477,2951
20181113_224625.jpg,4160,3120,Square,2218,2778,2351,2921
20181113_224625.jpg,4160,3120,Square,3721,2776,3854,2919
20181113_224625.jpg,4160,3120,Square,3629,226,3762,369
20181113_224625.jpg,4160,3120,Square,2184,248,2317,391
20181113_224625.jpg,4160,3120,Square,382,246,515,389
20181113_224618.jpg,4160,3120,Circle,1255,2368,1407,2521
20181113_224618.jpg,4160,3120,Circle,1254,2198,1406,2351
20181113_224618.jpg,4160,3120,Circle,1252,2036,1404,2189
20181113_224618.jpg,4160,3120,Circle,1250,2034,1402,2187
20181113_224618.jpg,4160,3120,Circle,1249,1868,1401,2021
20181113_224618.jpg,4160,3120,Circle,1248,1701,1400,1854
20181113_224618.jpg,4160,3120,Circle,1459,1694,1611,1847
20181113_224618.jpg,4160,3120,Circle,1465,1861,1617,2014
20181113_224618.jpg,4160,3120,Circle,1466,2026,1618,2179
20181113_224618.jpg,4160,3120,Circle,1467,2195,1619,2348
20181113_224618.jpg,4160,3120,Circle,1471,2359,1623,2512
20181113_224618.jpg,4160,3120,Circle,1684,2353,1836,2506
20181113_224618.jpg,4160,3120,Circle,1688,2190,1840,2343
20181113_224618.jpg,4160,3120,Circle,1685,2024,1837,2177
20181113_224618.jpg,4160,3120,Circle,1678,1851,1830,2004
20181113_224618.jpg,4160,3120,Circle,1677,1690,1829,1843
20181113_224618.jpg,4160,3120,Circle,1890,1847,2042,2000
20181113_224618.jpg,4160,3120,Circle,1894,2008,2046,2161
20181113_224618.jpg,4160,3120,Circle,1890,1683,2042,1836
20181113_224618.jpg,4160,3120,Circle,1901,2177,2053,2330
20181113_224618.jpg,4160,3120,Circle,1902,2339,2054,2492
20181113_224618.jpg,4160,3120,Circle,2121,2337,2273,2490
20181113_224618.jpg,4160,3120,Circle,2123,2168,2275,2321
20181113_224618.jpg,4160,3120,Circle,2117,2002,2269,2155
20181113_224618.jpg,4160,3120,Circle,2109,1842,2261,1995
20181113_224618.jpg,4160,3120,Circle,2107,1678,2259,1831
20181113_224618.jpg,4160,3120,Circle,2320,1672,2472,1825
20181113_224618.jpg,4160,3120,Circle,2319,1833,2471,1986
20181113_224618.jpg,4160,3120,Circle,2329,2003,2481,2156
20181113_224618.jpg,4160,3120,Circle,2331,2164,2483,2317
20181113_224618.jpg,4160,3120,Circle,2339,2330,2491,2483
20181113_224618.jpg,4160,3120,Circle,2560,2324,2712,2477
20181113_224618.jpg,4160,3120,Circle,2558,2157,2710,2310
20181113_224618.jpg,4160,3120,Circle,2549,1995,2701,2148
20181113_224618.jpg,4160,3120,Circle,2540,1829,2692,1982
20181113_224618.jpg,4160,3120,Circle,2537,1671,2689,1824
20181113_224618.jpg,4160,3120,Circle,2750,1660,2902,1813
20181113_224618.jpg,4160,3120,Circle,2759,1820,2911,1973
20181113_224618.jpg,4160,3120,Circle,2764,1987,2916,2140
20181113_224618.jpg,4160,3120,Circle,2772,2155,2924,2308
20181113_224618.jpg,4160,3120,Circle,2778,2324,2930,2477
20181113_224618.jpg,4160,3120,Circle,2997,2317,3149,2470
20181113_224618.jpg,4160,3120,Circle,2991,2150,3143,2303
20181113_224618.jpg,4160,3120,Circle,2983,1983,3135,2136
20181113_224618.jpg,4160,3120,Circle,2971,1816,3123,1969
20181113_224618.jpg,4160,3120,Circle,2963,1655,3115,1808
20181113_224618.jpg,4160,3120,Circle,3176,1651,3328,1804
20181113_224618.jpg,4160,3120,Circle,3184,1811,3336,1964
20181113_224618.jpg,4160,3120,Circle,3198,1973,3350,2126
20181113_224618.jpg,4160,3120,Circle,3203,2144,3355,2297
20181113_224618.jpg,4160,3120,Circle,3208,2308,3360,2461
20181113_224618.jpg,4160,3120,Circle,3357,1587,3509,1740
20181113_224618.jpg,4160,3120,Circle,3346,1353,3498,1506
20181113_224618.jpg,4160,3120,Circle,3337,1115,3489,1268
20181113_224618.jpg,4160,3120,Circle,3324,876,3476,1029
20181113_224618.jpg,4160,3120,Circle,3150,1136,3302,1289
20181113_224618.jpg,4160,3120,Circle,3148,983,3294,1127
20181113_224618.jpg,4160,3120,Circle,3143,827,3289,971
20181113_224618.jpg,4160,3120,Circle,3132,666,3278,810
20181113_224618.jpg,4160,3120,Circle,3130,509,3276,653
20181113_224618.jpg,4160,3120,Circle,2919,514,3065,658
20181113_224618.jpg,4160,3120,Circle,2923,669,3069,813
20181113_224618.jpg,4160,3120,Circle,2932,826,3078,970
20181113_224618.jpg,4160,3120,Circle,2935,992,3081,1136
20181113_224618.jpg,4160,3120,Circle,2942,1151,3088,1295
20181113_224618.jpg,4160,3120,Circle,2732,1157,2878,1301
20181113_224618.jpg,4160,3120,Circle,2725,999,2871,1143
20181113_224618.jpg,4160,3120,Circle,2722,837,2868,981
20181113_224618.jpg,4160,3120,Circle,2715,676,2861,820
20181113_224618.jpg,4160,3120,Circle,2709,517,2855,661
20181113_224618.jpg,4160,3120,Circle,2501,520,2647,664
20181113_224618.jpg,4160,3120,Circle,2505,683,2651,827
20181113_224618.jpg,4160,3120,Circle,2509,839,2655,983
20181113_224618.jpg,4160,3120,Circle,2514,1003,2660,1147
20181113_224618.jpg,4160,3120,Circle,2516,1163,2662,1307
20181113_224618.jpg,4160,3120,Circle,2301,1168,2447,1312
20181113_224618.jpg,4160,3120,Circle,2295,1006,2441,1150
20181113_224618.jpg,4160,3120,Circle,2292,845,2438,989
20181113_224618.jpg,4160,3120,Circle,2283,687,2429,831
20181113_224618.jpg,4160,3120,Circle,2284,530,2430,674
20181113_224618.jpg,4160,3120,Circle,2072,537,2218,681
20181113_224618.jpg,4160,3120,Circle,2075,695,2221,839
20181113_224618.jpg,4160,3120,Circle,2081,854,2227,998
20181113_224618.jpg,4160,3120,Circle,2083,1014,2229,1158
20181113_224618.jpg,4160,3120,Circle,2089,1176,2235,1320
20181113_224618.jpg,4160,3120,Circle,1879,1181,2025,1325
20181113_224618.jpg,4160,3120,Circle,1876,1023,2022,1167
20181113_224618.jpg,4160,3120,Circle,1870,860,2016,1004
20181113_224618.jpg,4160,3120,Circle,1864,705,2010,849
20181113_224618.jpg,4160,3120,Circle,1861,545,2007,689
20181113_224618.jpg,4160,3120,Circle,1643,538,1789,682
20181113_224618.jpg,4160,3120,Circle,1654,699,1800,843
20181113_224618.jpg,4160,3120,Circle,1659,860,1805,1004
20181113_224618.jpg,4160,3120,Circle,1658,1019,1804,1163
20181113_224618.jpg,4160,3120,Circle,1665,1181,1811,1325
20181113_224618.jpg,4160,3120,Circle,1455,1187,1601,1331
20181113_224618.jpg,4160,3120,Circle,1234,1192,1380,1336
20181113_224618.jpg,4160,3120,Circle,1229,1028,1375,1172
20181113_224618.jpg,4160,3120,Circle,1445,1024,1591,1168
20181113_224618.jpg,4160,3120,Circle,1443,861,1589,1005
20181113_224618.jpg,4160,3120,Circle,1232,868,1378,1012
20181113_224618.jpg,4160,3120,Circle,1225,704,1371,848
20181113_224618.jpg,4160,3120,Circle,1438,702,1584,846
20181113_224618.jpg,4160,3120,Circle,1431,535,1577,679
20181113_224618.jpg,4160,3120,Circle,1217,542,1363,686
20181113_224618.jpg,4160,3120,Square,337,2833,466,2972
20181113_224618.jpg,4160,3120,Square,2148,2749,2277,2888
20181113_224618.jpg,4160,3120,Square,3594,2717,3723,2856
20181113_224618.jpg,4160,3120,Square,3449,287,3578,426
20181113_224618.jpg,4160,3120,Square,2075,328,2204,467
20181113_224618.jpg,4160,3120,Square,335,342,464,481
20181113_221928.jpg,4160,3120,Circle,1250,2515,1400,2665
20181113_221928.jpg,4160,3120,Circle,1248,2350,1398,2500
20181113_221928.jpg,4160,3120,Circle,1250,2183,1400,2333
20181113_221928.jpg,4160,3120,Circle,1247,2015,1397,2165
20181113_221928.jpg,4160,3120,Circle,1252,1849,1402,1999
20181113_221928.jpg,4160,3120,Circle,1249,1303,1401,1457
20181113_221928.jpg,4160,3120,Circle,1247,1129,1399,1283
20181113_221928.jpg,4160,3120,Circle,1249,946,1404,1107
20181113_221928.jpg,4160,3120,Circle,1245,762,1400,923
20181113_221928.jpg,4160,3120,Circle,1244,587,1399,748
20181113_221928.jpg,4160,3120,Circle,1482,593,1637,754
20181113_221928.jpg,4160,3120,Circle,1480,774,1635,935
20181113_221928.jpg,4160,3120,Circle,1482,951,1637,1112
20181113_221928.jpg,4160,3120,Circle,1481,1129,1636,1290
20181113_221928.jpg,4160,3120,Circle,1478,1305,1633,1466
20181113_221928.jpg,4160,3120,Circle,1476,1850,1626,2000
20181113_221928.jpg,4160,3120,Circle,1476,2015,1626,2165
20181113_221928.jpg,4160,3120,Circle,1476,2185,1626,2335
20181113_221928.jpg,4160,3120,Circle,1473,2350,1623,2500
20181113_221928.jpg,4160,3120,Circle,1473,2513,1623,2663
20181113_221928.jpg,4160,3120,Circle,1691,2503,1841,2653
20181113_221928.jpg,4160,3120,Circle,1693,2342,1843,2492
20181113_221928.jpg,4160,3120,Circle,1699,2173,1849,2323
20181113_221928.jpg,4160,3120,Circle,1700,2013,1850,2163
20181113_221928.jpg,4160,3120,Circle,1701,1847,1851,1997
20181113_221928.jpg,4160,3120,Circle,1704,1306,1859,1467
20181113_221928.jpg,4160,3120,Circle,1707,1136,1862,1297
20181113_221928.jpg,4160,3120,Circle,1711,959,1866,1120
20181113_221928.jpg,4160,3120,Circle,1710,782,1865,943
20181113_221928.jpg,4160,3120,Circle,1712,607,1867,768
20181113_221928.jpg,4160,3120,Circle,1927,619,2082,780
20181113_221928.jpg,4160,3120,Circle,1925,967,2080,1128
20181113_221928.jpg,4160,3120,Circle,1924,795,2079,956
20181113_221928.jpg,4160,3120,Circle,1924,1137,2079,1298
20181113_221928.jpg,4160,3120,Circle,1925,1303,2080,1464
20181113_221928.jpg,4160,3120,Circle,1910,1836,2060,1986
20181113_221928.jpg,4160,3120,Circle,1906,1998,2056,2148
20181113_221928.jpg,4160,3120,Circle,1910,2160,2060,2310
20181113_221928.jpg,4160,3120,Circle,1904,2322,2054,2472
20181113_221928.jpg,4160,3120,Circle,1906,2481,2056,2631
20181113_221928.jpg,4160,3120,Circle,2110,2471,2260,2621
20181113_221928.jpg,4160,3120,Circle,2111,2313,2261,2463
20181113_221928.jpg,4160,3120,Circle,2121,2154,2271,2304
20181113_221928.jpg,4160,3120,Circle,2121,1992,2271,2142
20181113_221928.jpg,4160,3120,Circle,2123,1836,2273,1986
20181113_221928.jpg,4160,3120,Circle,2339,1835,2489,1985
20181113_221928.jpg,4160,3120,Circle,2336,1990,2486,2140
20181113_221928.jpg,4160,3120,Circle,2334,2152,2484,2302
20181113_221928.jpg,4160,3120,Circle,2326,2311,2476,2461
20181113_221928.jpg,4160,3120,Circle,2320,2465,2470,2615
20181113_221928.jpg,4160,3120,Circle,2532,2465,2682,2615
20181113_221928.jpg,4160,3120,Circle,2536,2308,2686,2458
20181113_221928.jpg,4160,3120,Circle,2543,2155,2693,2305
20181113_221928.jpg,4160,3120,Circle,2548,1994,2698,2144
20181113_221928.jpg,4160,3120,Circle,2553,1835,2703,1985
20181113_221928.jpg,4160,3120,Circle,2764,1837,2914,1987
20181113_221928.jpg,4160,3120,Circle,2759,1989,2909,2139
20181113_221928.jpg,4160,3120,Circle,2754,2150,2904,2300
20181113_221928.jpg,4160,3120,Circle,2746,2305,2896,2455
20181113_221928.jpg,4160,3120,Circle,2736,2457,2886,2607
20181113_221928.jpg,4160,3120,Circle,2948,2460,3084,2603
20181113_221928.jpg,4160,3120,Circle,2956,2306,3092,2449
20181113_221928.jpg,4160,3120,Circle,2968,2152,3104,2295
20181113_221928.jpg,4160,3120,Circle,2973,1996,3109,2139
20181113_221928.jpg,4160,3120,Circle,2982,1837,3118,1980
20181113_221928.jpg,4160,3120,Circle,3185,1837,3321,1980
20181113_221928.jpg,4160,3120,Circle,3176,1988,3312,2131
20181113_221928.jpg,4160,3120,Circle,3168,2145,3304,2288
20181113_221928.jpg,4160,3120,Circle,3156,2299,3292,2442
20181113_221928.jpg,4160,3120,Circle,3149,2451,3285,2594
20181113_221928.jpg,4160,3120,Circle,2149,631,2304,792
20181113_221928.jpg,4160,3120,Circle,2145,801,2300,962
20181113_221928.jpg,4160,3120,Circle,2147,977,2295,1129
20181113_221928.jpg,4160,3120,Circle,2144,1145,2292,1297
20181113_221928.jpg,4160,3120,Circle,2136,1312,2284,1464
20181113_221928.jpg,4160,3120,Circle,2357,1318,2505,1470
20181113_221928.jpg,4160,3120,Circle,2362,1151,2510,1303
20181113_221928.jpg,4160,3120,Circle,2370,982,2518,1134
20181113_221928.jpg,4160,3120,Circle,2374,811,2522,963
20181113_221928.jpg,4160,3120,Circle,2599,812,2747,964
20181113_221928.jpg,4160,3120,Circle,2594,986,2742,1138
20181113_221928.jpg,4160,3120,Circle,2584,1155,2732,1307
20181113_221928.jpg,4160,3120,Circle,2578,1320,2726,1472
20181113_221928.jpg,4160,3120,Circle,2796,1325,2944,1477
20181113_221928.jpg,4160,3120,Circle,2802,1158,2950,1310
20181113_221928.jpg,4160,3120,Circle,2812,989,2960,1141
20181113_221928.jpg,4160,3120,Circle,2820,820,2968,972
20181113_221928.jpg,4160,3120,Circle,2827,652,2975,804
20181113_221928.jpg,4160,3120,Circle,2378,636,2526,788
20181113_221928.jpg,4160,3120,Circle,2610,642,2758,794
20181113_221928.jpg,4160,3120,Circle,3045,654,3194,806
20181113_221928.jpg,4160,3120,Circle,3034,824,3183,976
20181113_221928.jpg,4160,3120,Circle,3027,995,3176,1147
20181113_221928.jpg,4160,3120,Circle,3012,1157,3161,1309
20181113_221928.jpg,4160,3120,Circle,3006,1323,3155,1475
20181113_221928.jpg,4160,3120,Circle,3206,1326,3355,1478
20181113_221928.jpg,4160,3120,Circle,3217,1165,3366,1317
20181113_221928.jpg,4160,3120,Circle,3229,998,3378,1150
20181113_221928.jpg,4160,3120,Circle,3242,828,3391,980
20181113_221928.jpg,4160,3120,Circle,3256,659,3405,811
20181113_221928.jpg,4160,3120,Circle,3399,1065,3547,1217
20181113_221928.jpg,4160,3120,Circle,3383,1309,3531,1461
20181113_221928.jpg,4160,3120,Circle,3368,1546,3516,1698
20181113_221928.jpg,4160,3120,Circle,3351,1774,3499,1926
20181113_221928.jpg,4160,3120,Square,425,2838,536,2969
20181113_221928.jpg,4160,3120,Square,2123,2850,2244,2981
20181113_221928.jpg,4160,3120,Square,3453,2826,3574,2957
20181113_221928.jpg,4160,3120,Square,3602,452,3723,583
20181113_221928.jpg,4160,3120,Square,2173,409,2299,544
20181113_221928.jpg,4160,3120,Square,362,351,485,490
20181113_221926.jpg,4160,3120,Circle,1226,2469,1383,2617
20181113_221926.jpg,4160,3120,Circle,1224,2304,1381,2452
20181113_221926.jpg,4160,3120,Circle,1228,2134,1383,2285
20181113_221926.jpg,4160,3120,Circle,1229,1962,1384,2113
20181113_221926.jpg,4160,3120,Circle,1228,1797,1383,1948
20181113_221926.jpg,4160,3120,Circle,1228,1242,1388,1402
20181113_221926.jpg,4160,3120,Circle,1226,1063,1386,1223
20181113_221926.jpg,4160,3120,Circle,1230,884,1390,1044
20181113_221926.jpg,4160,3120,Circle,1228,698,1388,858
20181113_221926.jpg,4160,3120,Circle,1225,517,1385,677
20181113_221926.jpg,4160,3120,Circle,1466,525,1626,685
20181113_221926.jpg,4160,3120,Circle,1466,710,1626,870
20181113_221926.jpg,4160,3120,Circle,1467,894,1627,1054
20181113_221926.jpg,4160,3120,Circle,1461,1072,1621,1232
20181113_221926.jpg,4160,3120,Circle,1461,1249,1621,1409
20181113_221926.jpg,4160,3120,Circle,1456,1798,1611,1949
20181113_221926.jpg,4160,3120,Circle,1458,1967,1613,2118
20181113_221926.jpg,4160,3120,Circle,1458,2133,1613,2284
20181113_221926.jpg,4160,3120,Circle,1454,2301,1609,2452
20181113_221926.jpg,4160,3120,Circle,1451,2465,1606,2616
20181113_221926.jpg,4160,3120,Circle,1672,2457,1827,2608
20181113_221926.jpg,4160,3120,Circle,1675,2293,1830,2444
20181113_221926.jpg,4160,3120,Circle,1683,2129,1838,2280
20181113_221926.jpg,4160,3120,Circle,1686,1958,1841,2109
20181113_221926.jpg,4160,3120,Circle,1684,1796,1839,1947
20181113_221926.jpg,4160,3120,Circle,1689,1252,1849,1412
20181113_221926.jpg,4160,3120,Circle,1694,1077,1854,1237
20181113_221926.jpg,4160,3120,Circle,1701,903,1861,1063
20181113_221926.jpg,4160,3120,Circle,1702,718,1862,878
20181113_221926.jpg,4160,3120,Circle,1702,545,1862,705
20181113_221926.jpg,4160,3120,Circle,1919,559,2079,719
20181113_221926.jpg,4160,3120,Circle,1919,732,2079,892
20181113_221926.jpg,4160,3120,Circle,1917,909,2077,1069
20181113_221926.jpg,4160,3120,Circle,1910,1086,2070,1246
20181113_221926.jpg,4160,3120,Circle,1906,1251,2066,1411
20181113_221926.jpg,4160,3120,Circle,1897,1789,2052,1940
20181113_221926.jpg,4160,3120,Circle,1898,1947,2053,2098
20181113_221926.jpg,4160,3120,Circle,1894,2112,2049,2263
20181113_221926.jpg,4160,3120,Circle,1887,2272,2042,2423
20181113_221926.jpg,4160,3120,Circle,1886,2432,2041,2583
20181113_221926.jpg,4160,3120,Circle,2092,2421,2247,2572
20181113_221926.jpg,4160,3120,Circle,2097,2262,2252,2413
20181113_221926.jpg,4160,3120,Circle,2100,2104,2255,2255
20181113_221926.jpg,4160,3120,Circle,2104,1944,2259,2095
20181113_221926.jpg,4160,3120,Circle,2110,1782,2265,1933
20181113_221926.jpg,4160,3120,Circle,2120,1256,2280,1416
20181113_221926.jpg,4160,3120,Circle,2128,1090,2288,1250
20181113_221926.jpg,4160,3120,Circle,2135,919,2295,1079
20181113_221926.jpg,4160,3120,Circle,2140,742,2300,902
20181113_221926.jpg,4160,3120,Circle,2141,571,2301,731
20181113_221926.jpg,4160,3120,Circle,2368,572,2528,732
20181113_221926.jpg,4160,3120,Circle,2365,747,2525,907
20181113_221926.jpg,4160,3120,Circle,2356,922,2516,1082
20181113_221926.jpg,4160,3120,Circle,2346,1094,2506,1254
20181113_221926.jpg,4160,3120,Circle,2344,1264,2504,1424
20181113_221926.jpg,4160,3120,Circle,2324,1785,2479,1936
20181113_221926.jpg,4160,3120,Circle,2321,1940,2476,2091
20181113_221926.jpg,4160,3120,Circle,2318,2102,2473,2253
20181113_221926.jpg,4160,3120,Circle,2307,2261,2462,2412
20181113_221926.jpg,4160,3120,Circle,2305,2414,2460,2565
20181113_221926.jpg,4160,3120,Circle,2514,2413,2669,2564
20181113_221926.jpg,4160,3120,Circle,2522,2252,2677,2403
20181113_221926.jpg,4160,3120,Circle,2534,2109,2678,2247
20181113_221926.jpg,4160,3120,Circle,2539,1950,2683,2088
20181113_221926.jpg,4160,3120,Circle,2545,1792,2689,1930
20181113_221926.jpg,4160,3120,Circle,2562,1266,2722,1426
20181113_221926.jpg,4160,3120,Circle,2572,1097,2732,1257
20181113_221926.jpg,4160,3120,Circle,2580,925,2740,1085
20181113_221926.jpg,4160,3120,Circle,2589,754,2749,914
20181113_221926.jpg,4160,3120,Circle,2597,582,2757,742
20181113_221926.jpg,4160,3120,Circle,2821,591,2981,751
20181113_221926.jpg,4160,3120,Circle,2819,762,2970,918
20181113_221926.jpg,4160,3120,Circle,2807,933,2958,1089
20181113_221926.jpg,4160,3120,Circle,2796,1102,2947,1258
20181113_221926.jpg,4160,3120,Circle,2785,1271,2936,1427
20181113_221926.jpg,4160,3120,Circle,2758,1792,2902,1930
20181113_221926.jpg,4160,3120,Circle,2749,1949,2893,2087
20181113_221926.jpg,4160,3120,Circle,2741,2106,2885,2244
20181113_221926.jpg,4160,3120,Circle,2732,2258,2876,2396
20181113_221926.jpg,4160,3120,Circle,2724,2408,2868,2546
20181113_221926.jpg,4160,3120,Circle,2924,2405,3068,2543
20181113_221926.jpg,4160,3120,Circle,2934,2256,3078,2394
20181113_221926.jpg,4160,3120,Circle,2947,2100,3091,2238
20181113_221926.jpg,4160,3120,Circle,2954,1946,3098,2084
20181113_221926.jpg,4160,3120,Circle,2966,1792,3110,1930
20181113_221926.jpg,4160,3120,Circle,2991,1271,3142,1427
20181113_221926.jpg,4160,3120,Circle,3003,1107,3154,1263
20181113_221926.jpg,4160,3120,Circle,3024,937,3175,1093
20181113_221926.jpg,4160,3120,Circle,3033,769,3184,925
20181113_221926.jpg,4160,3120,Circle,3042,597,3193,753
20181113_221926.jpg,4160,3120,Circle,3249,603,3400,759
20181113_221926.jpg,4160,3120,Circle,3237,768,3388,924
20181113_221926.jpg,4160,3120,Circle,3228,945,3379,1101
20181113_221926.jpg,4160,3120,Circle,3392,1013,3543,1169
20181113_221926.jpg,4160,3120,Circle,3216,1108,3367,1264
20181113_221926.jpg,4160,3120,Circle,3202,1276,3353,1432
20181113_221926.jpg,4160,3120,Circle,3380,1264,3520,1412
20181113_221926.jpg,4160,3120,Circle,3360,1502,3500,1650
20181113_221926.jpg,4160,3120,Circle,3345,1733,3485,1881
20181113_221926.jpg,4160,3120,Circle,3171,1784,3311,1932
20181113_221926.jpg,4160,3120,Circle,3159,1940,3299,2088
20181113_221926.jpg,4160,3120,Circle,3149,2103,3293,2241
20181113_221926.jpg,4160,3120,Circle,3135,2253,3279,2391
20181113_221926.jpg,4160,3120,Circle,3128,2403,3272,2541
20181113_221926.jpg,4160,3120,Square,322,267,447,415
20181113_221926.jpg,4160,3120,Square,383,2782,508,2930
20181113_221926.jpg,4160,3120,Square,2102,2793,2227,2941
20181113_221926.jpg,4160,3120,Square,3429,2755,3554,2903
20181113_221926.jpg,4160,3120,Square,3600,388,3725,536
20181113_221926.jpg,4160,3120,Square,2168,334,2296,484
